{
    "accuracy": 0.8478260869565217,
    "precision": 0.8785046728971962,
    "recall": 0.8623853211009175,
    "f1_score": 0.8703703703703703
}